n,m,sparsiness,number,p,time,name
1000,45000,97,4,0.3,7.866824626922607,sparseextra
100,1600,99,2,0.3,0.023069143295288086,sparseextra
200,2000,95,1,0.3,0.09073424339294434,sparse
50,875,95,0,0.3,0.008571863174438477,sparseextra
1000,10000,99,3,0.3,2.48407244682312,sparse
200,5000,95,3,0.3,0.1296558380126953,sparseextra
1000,50000,95,0,0.3,5.0722479820251465,sparse
50,125,95,2,0.3,0.004910707473754883,sparse
50,875,95,3,0.3,0.008584737777709961,sparseextra
200,5000,95,2,0.3,0.1308581829071045,sparseextra
300,4500,95,3,0.3,0.30260729789733887,sparse
300,22500,75,0,0.3,0.6580471992492676,density
50,825,97,3,0.3,0.014875173568725586,sparseextra
300,7200,97,1,0.3,0.28763890266418457,sparseextra
1000,10000,99,4,0.3,2.5210700035095215,sparse
100,100,99,2,0.3,0.020902395248413086,sparse
300,22500,75,2,0.3,0.6324276924133301,density
300,5400,99,3,0.3,0.2441568374633789,sparseextra
300,2700,97,3,0.3,0.1906909942626953,sparse
300,5400,99,2,0.3,0.25823974609375,sparseextra
50,125,95,0,0.3,0.004998207092285156,sparse
200,5000,95,0,0.3,0.12512469291687012,sparseextra
50,25,99,1,0.3,0.006712675094604492,sparse
100,2000,95,1,0.3,0.0444025993347168,sparseextra
100,5000,50,3,0.3,0.06735849380493164,density
500,15000,97,1,0.3,1.1497516632080078,sparseextra
50,825,97,2,0.3,0.00799417495727539,sparseextra
500,15000,97,4,0.3,1.1395149230957031,sparseextra
500,20000,95,3,0.3,1.8951854705810547,sparseextra
200,1200,97,3,0.3,0.07334613800048828,sparse
100,5000,50,4,0.3,0.04678988456726074,density
200,400,99,3,0.3,0.04254913330078125,sparse
200,2000,95,4,0.3,0.09237837791442871,sparse
300,4500,95,0,0.3,0.30291271209716797,sparse
1000,25000,99,3,0.3,3.534665584564209,sparseextra
100,1800,97,4,0.3,0.05444908142089844,sparseextra
500,20000,95,2,0.3,1.8877685070037842,sparseextra
500,15000,97,0,0.3,1.1305952072143555,sparseextra
200,400,99,4,0.3,0.041452646255493164,sparse
300,2700,97,4,0.3,0.1922740936279297,sparse
500,2500,99,3,0.3,0.4278404712677002,sparse
1000,50000,95,1,0.3,5.017379999160767,sparse
300,900,99,1,0.3,0.10992765426635742,sparse
50,75,97,1,0.3,0.0049076080322265625,sparse
1000,25000,99,1,0.3,3.4365150928497314,sparseextra
50,125,95,3,0.3,0.004975795745849609,sparse
50,75,97,4,0.3,0.004689216613769531,sparse
1000,45000,97,2,0.3,7.891986846923828,sparseextra
50,75,97,3,0.3,0.00458526611328125,sparse
500,20000,95,4,0.3,1.8783817291259766,sparseextra
500,7500,97,3,0.3,0.8996431827545166,sparse
100,500,95,1,0.3,0.03386092185974121,sparse
100,1800,97,0,0.3,0.03603935241699219,sparseextra
300,2700,97,0,0.3,0.19175243377685547,sparse
100,100,99,1,0.3,0.010738134384155273,sparse
500,10000,99,3,0.3,0.6965196132659912,sparseextra
500,10000,99,1,0.3,0.6716868877410889,sparseextra
100,2500,75,4,0.3,0.0442662239074707,density
1000,65000,95,0,0.3,6.274456262588501,sparseextra
300,900,99,2,0.3,0.11202073097229004,sparse
100,300,97,3,0.3,0.013799428939819336,sparse
50,825,97,1,0.3,0.008077859878540039,sparseextra
100,1800,97,2,0.3,0.027150869369506836,sparseextra
200,400,99,2,0.3,0.05195307731628418,sparse
1000,65000,95,4,0.3,6.291399002075195,sparseextra
200,4200,97,3,0.3,0.13697457313537598,sparseextra
500,7500,97,1,0.3,0.8989670276641846,sparse
300,9000,95,2,0.3,0.38625216484069824,sparseextra
500,12500,95,3,0.3,1.7237539291381836,sparse
1000,10000,99,2,0.3,2.4276177883148193,sparse
100,300,97,2,0.3,0.023104190826416016,sparse
300,45000,50,0,0.3,1.3122243881225586,density
300,5400,99,0,0.3,0.2503490447998047,sparseextra
50,825,97,4,0.3,0.013739824295043945,sparseextra
100,100,99,3,0.3,0.012644052505493164,sparse
100,1600,99,3,0.3,0.022109508514404297,sparseextra
300,9000,95,0,0.3,0.37919068336486816,sparseextra
200,3400,99,3,0.3,0.09763884544372559,sparseextra
1000,30000,97,2,0.3,6.999666690826416,sparse
50,25,99,4,0.3,0.0047304630279541016,sparse
50,25,99,0,0.3,0.008288145065307617,sparse
1000,30000,97,0,0.3,7.018363952636719,sparse
100,5000,50,2,0.3,0.04743170738220215,density
200,3400,99,0,0.3,0.09216141700744629,sparseextra
1000,50000,95,3,0.3,5.026682138442993,sparse
1000,45000,97,0,0.3,7.9442667961120605,sparseextra
300,5400,99,4,0.3,0.23615574836730957,sparseextra
500,12500,95,0,0.3,1.6803183555603027,sparse
100,1600,99,0,0.3,0.021830320358276367,sparseextra
100,2500,75,2,0.3,0.04394268989562988,density
100,500,95,4,0.3,0.01636338233947754,sparse
500,12500,95,2,0.3,1.7059810161590576,sparse
200,4200,97,2,0.3,0.12899136543273926,sparseextra
300,45000,50,2,0.3,1.2894206047058105,density
200,1200,97,2,0.3,0.06611084938049316,sparse
50,825,97,0,0.3,0.008113622665405273,sparseextra
200,4200,97,0,0.3,0.13141250610351562,sparseextra
100,300,97,1,0.3,0.020160436630249023,sparse
1000,65000,95,1,0.3,6.301141738891602,sparseextra
1000,10000,99,1,0.3,2.444631338119507,sparse
500,10000,99,2,0.3,0.6705129146575928,sparseextra
100,2500,75,0,0.3,0.04692959785461426,density
300,7200,97,2,0.3,0.28633975982666016,sparseextra
300,22500,75,3,0.3,0.6251122951507568,density
500,7500,97,4,0.3,0.8951599597930908,sparse
200,5000,95,1,0.3,0.1257493495941162,sparseextra
1000,30000,97,1,0.3,6.925058126449585,sparse
50,875,95,2,0.3,0.00863957405090332,sparseextra
1000,25000,99,4,0.3,3.433863878250122,sparseextra
50,775,99,2,0.3,0.00749969482421875,sparseextra
100,2500,75,3,0.3,0.043096065521240234,density
100,100,99,0,0.3,0.019887208938598633,sparse
500,2500,99,4,0.3,0.4056415557861328,sparse
200,2000,95,0,0.3,0.08749580383300781,sparse
300,9000,95,3,0.3,0.3821299076080322,sparseextra
50,125,95,4,0.3,0.009235382080078125,sparse
50,775,99,0,0.3,0.007992982864379883,sparseextra
300,7200,97,0,0.3,0.2835886478424072,sparseextra
200,1200,97,1,0.3,0.06637382507324219,sparse
100,2500,75,1,0.3,0.04365372657775879,density
500,2500,99,1,0.3,0.40066099166870117,sparse
300,900,99,3,0.3,0.1321086883544922,sparse
100,2000,95,0,0.3,0.03571057319641113,sparseextra
200,3400,99,2,0.3,0.12045574188232422,sparseextra
50,75,97,0,0.3,0.006724119186401367,sparse
500,10000,99,0,0.3,0.6775832176208496,sparseextra
50,75,97,2,0.3,0.004751682281494141,sparse
300,5400,99,1,0.3,0.2319040298461914,sparseextra
500,2500,99,2,0.3,0.40424680709838867,sparse
300,4500,95,4,0.3,0.30002307891845703,sparse
300,7200,97,4,0.3,0.2793567180633545,sparseextra
500,7500,97,2,0.3,0.8926844596862793,sparse
1000,65000,95,3,0.3,6.261589288711548,sparseextra
100,2000,95,2,0.3,0.033438682556152344,sparseextra
200,4200,97,1,0.3,0.12374114990234375,sparseextra
50,875,95,1,0.3,0.008884191513061523,sparseextra
200,4200,97,4,0.3,0.12940049171447754,sparseextra
200,5000,95,4,0.3,0.1275615692138672,sparseextra
100,5000,50,1,0.3,0.04788947105407715,density
50,875,95,4,0.3,0.008314132690429688,sparseextra
50,125,95,1,0.3,0.004970550537109375,sparse
300,22500,75,4,0.3,0.6219794750213623,density
1000,25000,99,0,0.3,3.426337480545044,sparseextra
200,400,99,1,0.3,0.06457114219665527,sparse
200,400,99,0,0.3,0.04159116744995117,sparse
50,775,99,4,0.3,0.007827997207641602,sparseextra
500,15000,97,2,0.3,1.1240088939666748,sparseextra
100,100,99,4,0.3,0.02044200897216797,sparse
100,2000,95,4,0.3,0.03232622146606445,sparseextra
500,20000,95,0,0.3,1.837815761566162,sparseextra
300,900,99,0,0.3,0.13437318801879883,sparse
500,20000,95,1,0.3,1.8697113990783691,sparseextra
1000,25000,99,2,0.3,3.4002904891967773,sparseextra
50,25,99,2,0.3,0.004799842834472656,sparse
300,22500,75,1,0.3,0.6310391426086426,density
200,2000,95,3,0.3,0.08624148368835449,sparse
200,3400,99,1,0.3,0.0908503532409668,sparseextra
100,1600,99,4,0.3,0.02321147918701172,sparseextra
500,10000,99,4,0.3,0.6610150337219238,sparseextra
1000,45000,97,1,0.3,7.8254313468933105,sparseextra
50,25,99,3,0.3,0.004762887954711914,sparse
200,2000,95,2,0.3,0.11381649971008301,sparse
50,775,99,1,0.3,0.007115840911865234,sparseextra
100,1600,99,1,0.3,0.022407054901123047,sparseextra
1000,10000,99,0,0.3,2.4569993019104004,sparse
300,4500,95,1,0.3,0.3072829246520996,sparse
100,300,97,0,0.3,0.02606487274169922,sparse
300,900,99,4,0.3,0.1354517936706543,sparse
500,12500,95,1,0.3,1.7077486515045166,sparse
100,1800,97,3,0.3,0.02901482582092285,sparseextra
300,2700,97,2,0.3,0.19081473350524902,sparse
1000,30000,97,4,0.3,7.001144647598267,sparse
300,45000,50,1,0.3,1.2884116172790527,density
100,300,97,4,0.3,0.02646923065185547,sparse
100,500,95,2,0.3,0.033536434173583984,sparse
500,12500,95,4,0.3,1.721588134765625,sparse
300,45000,50,4,0.3,1.3184406757354736,density
100,500,95,3,0.3,0.03334546089172363,sparse
300,2700,97,1,0.3,0.19191217422485352,sparse
1000,50000,95,2,0.3,5.190719127655029,sparse
1000,45000,97,3,0.3,7.811589956283569,sparseextra
200,3400,99,4,0.3,0.09915280342102051,sparseextra
500,7500,97,0,0.3,0.883497953414917,sparse
1000,65000,95,2,0.3,6.280065298080444,sparseextra
300,9000,95,4,0.3,0.38425278663635254,sparseextra
200,1200,97,4,0.3,0.07238197326660156,sparse
300,7200,97,3,0.3,0.27499938011169434,sparseextra
300,4500,95,2,0.3,0.2982301712036133,sparse
300,45000,50,3,0.3,1.2631492614746094,density
500,15000,97,3,0.3,1.1312971115112305,sparseextra
100,5000,50,0,0.3,0.04981207847595215,density
50,775,99,3,0.3,0.00794529914855957,sparseextra
1000,50000,95,4,0.3,5.050485372543335,sparse
100,500,95,0,0.3,0.03268599510192871,sparse
100,2000,95,3,0.3,0.03853774070739746,sparseextra
100,1800,97,1,0.3,0.030871868133544922,sparseextra
200,1200,97,0,0.3,0.09038758277893066,sparse
1000,30000,97,3,0.3,6.950243234634399,sparse
300,9000,95,1,0.3,0.3862452507019043,sparseextra
500,2500,99,0,0.3,0.4075040817260742,sparse
1000,45000,97,4,0.5,11.242156267166138,sparseextra
100,1600,99,2,0.5,0.023026704788208008,sparseextra
200,2000,95,1,0.5,0.12049150466918945,sparse
50,875,95,0,0.5,0.008886098861694336,sparseextra
1000,10000,99,3,0.5,4.096616268157959,sparse
200,5000,95,3,0.5,0.21516013145446777,sparseextra
1000,50000,95,0,0.5,15.955435514450073,sparse
50,125,95,2,0.5,0.009571313858032227,sparse
50,875,95,3,0.5,0.009207963943481445,sparseextra
200,5000,95,2,0.5,0.2063138484954834,sparseextra
300,4500,95,3,0.5,0.32123565673828125,sparse
300,22500,75,0,0.5,0.6267905235290527,density
50,825,97,3,0.5,0.008794307708740234,sparseextra
300,7200,97,1,0.5,0.4892711639404297,sparseextra
1000,10000,99,4,0.5,4.047220468521118,sparse
100,100,99,2,0.5,0.019298791885375977,sparse
300,22500,75,2,0.5,0.6219334602355957,density
300,5400,99,3,0.5,0.2947695255279541,sparseextra
300,2700,97,3,0.5,0.28284454345703125,sparse
300,5400,99,2,0.5,0.2773773670196533,sparseextra
50,125,95,0,0.5,0.005490303039550781,sparse
200,5000,95,0,0.5,0.20503926277160645,sparseextra
50,25,99,1,0.5,0.008060216903686523,sparse
100,2000,95,1,0.5,0.03674054145812988,sparseextra
100,5000,50,3,0.5,0.061397552490234375,density
500,15000,97,1,0.5,1.1874306201934814,sparseextra
50,825,97,2,0.5,0.008623838424682617,sparseextra
500,15000,97,4,0.5,1.1529009342193604,sparseextra
500,20000,95,3,0.5,1.9067230224609375,sparseextra
200,1200,97,3,0.5,0.08554911613464355,sparse
100,5000,50,4,0.5,0.06350564956665039,density
200,400,99,3,0.5,0.0434873104095459,sparse
200,2000,95,4,0.5,0.12668108940124512,sparse
300,4500,95,0,0.5,0.3497145175933838,sparse
1000,25000,99,3,0.5,4.886915445327759,sparseextra
100,1800,97,4,0.5,0.029056310653686523,sparseextra
500,20000,95,2,0.5,1.9479730129241943,sparseextra
500,15000,97,0,0.5,1.1945617198944092,sparseextra
200,400,99,4,0.5,0.04159832000732422,sparse
300,2700,97,4,0.5,0.2771906852722168,sparse
500,2500,99,3,0.5,0.48893189430236816,sparse
1000,50000,95,1,0.5,15.420451164245605,sparse
300,900,99,1,0.5,0.11867022514343262,sparse
50,75,97,1,0.5,0.006822824478149414,sparse
1000,25000,99,1,0.5,5.084217309951782,sparseextra
50,125,95,3,0.5,0.005632877349853516,sparse
50,75,97,4,0.5,0.0049746036529541016,sparse
1000,45000,97,2,0.5,11.219226837158203,sparseextra
50,75,97,3,0.5,0.00498509407043457,sparse
500,20000,95,4,0.5,1.9336328506469727,sparseextra
500,7500,97,3,0.5,0.9592680931091309,sparse
100,500,95,1,0.5,0.018596172332763672,sparse
100,1800,97,0,0.5,0.03517794609069824,sparseextra
300,2700,97,0,0.5,0.28444933891296387,sparse
100,100,99,1,0.5,0.010333538055419922,sparse
500,10000,99,3,0.5,0.9837584495544434,sparseextra
500,10000,99,1,0.5,1.0910000801086426,sparseextra
100,2500,75,4,0.5,0.04345226287841797,density
1000,65000,95,0,0.5,16.504637479782104,sparseextra
300,900,99,2,0.5,0.12734413146972656,sparse
100,300,97,3,0.5,0.027765274047851562,sparse
50,825,97,1,0.5,0.01510310173034668,sparseextra
100,1800,97,2,0.5,0.04761934280395508,sparseextra
200,400,99,2,0.5,0.051126718521118164,sparse
1000,65000,95,4,0.5,16.406813859939575,sparseextra
200,4200,97,3,0.5,0.16074323654174805,sparseextra
500,7500,97,1,0.5,0.9339199066162109,sparse
300,9000,95,2,0.5,0.4841899871826172,sparseextra
500,12500,95,3,0.5,1.7642714977264404,sparse
1000,10000,99,2,0.5,3.9992294311523438,sparse
100,300,97,2,0.5,0.026326417922973633,sparse
300,45000,50,0,0.5,1.3160154819488525,density
300,5400,99,0,0.5,0.2870306968688965,sparseextra
50,825,97,4,0.5,0.012106895446777344,sparseextra
100,100,99,3,0.5,0.011333465576171875,sparse
100,1600,99,3,0.5,0.022550106048583984,sparseextra
300,9000,95,0,0.5,0.46767663955688477,sparseextra
200,3400,99,3,0.5,0.1076970100402832,sparseextra
1000,30000,97,2,0.5,10.636100769042969,sparse
50,25,99,4,0.5,0.006325483322143555,sparse
50,25,99,0,0.5,0.004831075668334961,sparse
1000,30000,97,0,0.5,10.609211444854736,sparse
100,5000,50,2,0.5,0.06439852714538574,density
200,3400,99,0,0.5,0.0953984260559082,sparseextra
1000,50000,95,3,0.5,15.900928497314453,sparse
1000,45000,97,0,0.5,11.194432497024536,sparseextra
300,5400,99,4,0.5,0.2745528221130371,sparseextra
500,12500,95,0,0.5,1.7446002960205078,sparse
100,1600,99,0,0.5,0.022637605667114258,sparseextra
100,2500,75,2,0.5,0.043392181396484375,density
100,500,95,4,0.5,0.01836681365966797,sparse
500,12500,95,2,0.5,1.7794690132141113,sparse
200,4200,97,2,0.5,0.1483306884765625,sparseextra
300,45000,50,2,0.5,1.2856781482696533,density
200,1200,97,2,0.5,0.07814216613769531,sparse
50,825,97,0,0.5,0.008488178253173828,sparseextra
200,4200,97,0,0.5,0.16019892692565918,sparseextra
100,300,97,1,0.5,0.02202892303466797,sparse
1000,65000,95,1,0.5,16.12415099143982,sparseextra
1000,10000,99,1,0.5,4.055414915084839,sparse
500,10000,99,2,0.5,1.0509061813354492,sparseextra
100,2500,75,0,0.5,0.04750370979309082,density
300,7200,97,2,0.5,0.4838874340057373,sparseextra
300,22500,75,3,0.5,0.6283481121063232,density
500,7500,97,4,0.5,0.9442775249481201,sparse
200,5000,95,1,0.5,0.20005178451538086,sparseextra
1000,30000,97,1,0.5,10.512637853622437,sparse
50,875,95,2,0.5,0.008975028991699219,sparseextra
1000,25000,99,4,0.5,5.043478727340698,sparseextra
50,775,99,2,0.5,0.007903337478637695,sparseextra
100,2500,75,3,0.5,0.042971134185791016,density
100,100,99,0,0.5,0.010714530944824219,sparse
500,2500,99,4,0.5,0.47358107566833496,sparse
200,2000,95,0,0.5,0.12183666229248047,sparse
300,9000,95,3,0.5,0.4664289951324463,sparseextra
50,125,95,4,0.5,0.007734775543212891,sparse
50,775,99,0,0.5,0.007903099060058594,sparseextra
300,7200,97,0,0.5,0.4964909553527832,sparseextra
200,1200,97,1,0.5,0.0793616771697998,sparse
100,2500,75,1,0.5,0.04301118850708008,density
500,2500,99,1,0.5,0.4816570281982422,sparse
300,900,99,3,0.5,0.11992931365966797,sparse
100,2000,95,0,0.5,0.05947995185852051,sparseextra
200,3400,99,2,0.5,0.10693025588989258,sparseextra
50,75,97,0,0.5,0.007318258285522461,sparse
500,10000,99,0,0.5,1.0154404640197754,sparseextra
50,75,97,2,0.5,0.007023811340332031,sparse
300,5400,99,1,0.5,0.2683737277984619,sparseextra
500,2500,99,2,0.5,0.4907569885253906,sparse
300,4500,95,4,0.5,0.31924939155578613,sparse
300,7200,97,4,0.5,0.4770822525024414,sparseextra
500,7500,97,2,0.5,0.9227519035339355,sparse
1000,65000,95,3,0.5,16.566301584243774,sparseextra
100,2000,95,2,0.5,0.035674333572387695,sparseextra
200,4200,97,1,0.5,0.14613914489746094,sparseextra
50,875,95,1,0.5,0.014981985092163086,sparseextra
200,4200,97,4,0.5,0.15651774406433105,sparseextra
200,5000,95,4,0.5,0.2093825340270996,sparseextra
100,5000,50,1,0.5,0.061017513275146484,density
50,875,95,4,0.5,0.009238481521606445,sparseextra
50,125,95,1,0.5,0.009432077407836914,sparse
300,22500,75,4,0.5,0.6279938220977783,density
1000,25000,99,0,0.5,4.975829362869263,sparseextra
200,400,99,1,0.5,0.04114961624145508,sparse
200,400,99,0,0.5,0.06717467308044434,sparse
50,775,99,4,0.5,0.015198469161987305,sparseextra
500,15000,97,2,0.5,1.1563935279846191,sparseextra
100,100,99,4,0.5,0.010483264923095703,sparse
100,2000,95,4,0.5,0.03394603729248047,sparseextra
500,20000,95,0,0.5,1.893493890762329,sparseextra
300,900,99,0,0.5,0.1218726634979248,sparse
500,20000,95,1,0.5,1.949195384979248,sparseextra
1000,25000,99,2,0.5,4.863690376281738,sparseextra
50,25,99,2,0.5,0.007940292358398438,sparse
300,22500,75,1,0.5,0.6260333061218262,density
200,2000,95,3,0.5,0.12018609046936035,sparse
200,3400,99,1,0.5,0.09840774536132812,sparseextra
100,1600,99,4,0.5,0.02286386489868164,sparseextra
500,10000,99,4,0.5,0.9588847160339355,sparseextra
1000,45000,97,1,0.5,11.272774696350098,sparseextra
50,25,99,3,0.5,0.004853487014770508,sparse
200,2000,95,2,0.5,0.11739897727966309,sparse
50,775,99,1,0.5,0.007964611053466797,sparseextra
100,1600,99,1,0.5,0.02297687530517578,sparseextra
1000,10000,99,0,0.5,3.9831669330596924,sparse
300,4500,95,1,0.5,0.3268427848815918,sparse
100,300,97,0,0.5,0.02398085594177246,sparse
300,900,99,4,0.5,0.11948204040527344,sparse
500,12500,95,1,0.5,1.7702012062072754,sparse
100,1800,97,3,0.5,0.03325486183166504,sparseextra
300,2700,97,2,0.5,0.2761356830596924,sparse
1000,30000,97,4,0.5,10.47260308265686,sparse
300,45000,50,1,0.5,1.3256371021270752,density
100,300,97,4,0.5,0.02449822425842285,sparse
100,500,95,2,0.5,0.024698257446289062,sparse
500,12500,95,4,0.5,1.7421150207519531,sparse
300,45000,50,4,0.5,1.293306589126587,density
100,500,95,3,0.5,0.03151106834411621,sparse
300,2700,97,1,0.5,0.274899959564209,sparse
1000,50000,95,2,0.5,15.85422945022583,sparse
1000,45000,97,3,0.5,11.142889738082886,sparseextra
200,3400,99,4,0.5,0.1074531078338623,sparseextra
500,7500,97,0,0.5,0.9437470436096191,sparse
1000,65000,95,2,0.5,16.364364624023438,sparseextra
300,9000,95,4,0.5,0.479583740234375,sparseextra
200,1200,97,4,0.5,0.0783686637878418,sparse
300,7200,97,3,0.5,0.48972225189208984,sparseextra
300,4500,95,2,0.5,0.31418657302856445,sparse
300,45000,50,3,0.5,1.2887091636657715,density
500,15000,97,3,0.5,1.198807954788208,sparseextra
100,5000,50,0,0.5,0.06335949897766113,density
50,775,99,3,0.5,0.008109331130981445,sparseextra
1000,50000,95,4,0.5,16.1717529296875,sparse
100,500,95,0,0.5,0.03548598289489746,sparse
100,2000,95,3,0.5,0.035008907318115234,sparseextra
100,1800,97,1,0.5,0.032140254974365234,sparseextra
200,1200,97,0,0.5,0.07785272598266602,sparse
1000,30000,97,3,0.5,10.470662355422974,sparse
300,9000,95,1,0.5,0.48667478561401367,sparseextra
500,2500,99,0,0.5,0.5043396949768066,sparse
1000,45000,97,4,0.7,11.333560943603516,sparseextra
100,1600,99,2,0.7,0.026163339614868164,sparseextra
200,2000,95,1,0.7,0.13140273094177246,sparse
50,875,95,0,0.7,0.01285409927368164,sparseextra
1000,10000,99,3,0.7,5.438223123550415,sparse
200,5000,95,3,0.7,0.21860074996948242,sparseextra
1000,50000,95,0,0.7,21.24321985244751,sparse
50,125,95,2,0.7,0.0054819583892822266,sparse
50,875,95,3,0.7,0.009248971939086914,sparseextra
200,5000,95,2,0.7,0.21459102630615234,sparseextra
300,4500,95,3,0.7,0.4598972797393799,sparse
300,22500,75,0,0.7,1.2696385383605957,density
50,825,97,3,0.7,0.016112089157104492,sparseextra
300,7200,97,1,0.7,0.5167086124420166,sparseextra
1000,10000,99,4,0.7,5.494716167449951,sparse
100,100,99,2,0.7,0.019410133361816406,sparse
300,22500,75,2,0.7,1.2833731174468994,density
300,5400,99,3,0.7,0.3224191665649414,sparseextra
300,2700,97,3,0.7,0.318342924118042,sparse
300,5400,99,2,0.7,0.32451939582824707,sparseextra
50,125,95,0,0.7,0.005496978759765625,sparse
200,5000,95,0,0.7,0.20724821090698242,sparseextra
50,25,99,1,0.7,0.004662036895751953,sparse
100,2000,95,1,0.7,0.039794206619262695,sparseextra
100,5000,50,3,0.7,0.06167769432067871,density
500,15000,97,1,0.7,2.186642646789551,sparseextra
50,825,97,2,0.7,0.00872492790222168,sparseextra
500,15000,97,4,0.7,2.20483136177063,sparseextra
500,20000,95,3,0.7,1.9442307949066162,sparseextra
200,1200,97,3,0.7,0.09916305541992188,sparse
100,5000,50,4,0.7,0.061795711517333984,density
200,400,99,3,0.7,0.04106640815734863,sparse
200,2000,95,4,0.7,0.1354832649230957,sparse
300,4500,95,0,0.7,0.46736598014831543,sparse
1000,25000,99,3,0.7,6.8682801723480225,sparseextra
100,1800,97,4,0.7,0.0337061882019043,sparseextra
500,20000,95,2,0.7,2.0052075386047363,sparseextra
500,15000,97,0,0.7,2.1944081783294678,sparseextra
200,400,99,4,0.7,0.06723570823669434,sparse
300,2700,97,4,0.7,0.30769824981689453,sparse
500,2500,99,3,0.7,0.612360954284668,sparse
1000,50000,95,1,0.7,21.410136699676514,sparse
300,900,99,1,0.7,0.12604713439941406,sparse
50,75,97,1,0.7,0.00786733627319336,sparse
1000,25000,99,1,0.7,6.375915288925171,sparseextra
50,125,95,3,0.7,0.009532451629638672,sparse
50,75,97,4,0.7,0.007788419723510742,sparse
1000,45000,97,2,0.7,11.297866821289062,sparseextra
50,75,97,3,0.7,0.008878946304321289,sparse
500,20000,95,4,0.7,1.9388108253479004,sparseextra
500,7500,97,3,0.7,1.6259925365447998,sparse
100,500,95,1,0.7,0.019742965698242188,sparse
100,1800,97,0,0.7,0.03447771072387695,sparseextra
300,2700,97,0,0.7,0.3241734504699707,sparse
100,100,99,1,0.7,0.020653247833251953,sparse
500,10000,99,3,0.7,1.1867139339447021,sparseextra
500,10000,99,1,0.7,1.289541244506836,sparseextra
100,2500,75,4,0.7,0.04400634765625,density
1000,65000,95,0,0.7,21.466158151626587,sparseextra
300,900,99,2,0.7,0.1318528652191162,sparse
100,300,97,3,0.7,0.02004528045654297,sparse
50,825,97,1,0.7,0.008387088775634766,sparseextra
100,1800,97,2,0.7,0.032523155212402344,sparseextra
200,400,99,2,0.7,0.047573089599609375,sparse
1000,65000,95,4,0.7,21.443872213363647,sparseextra
200,4200,97,3,0.7,0.17992377281188965,sparseextra
500,7500,97,1,0.7,1.575857400894165,sparse
300,9000,95,2,0.7,0.6959269046783447,sparseextra
500,12500,95,3,0.7,1.7895417213439941,sparse
1000,10000,99,2,0.7,5.3650383949279785,sparse
100,300,97,2,0.7,0.02715277671813965,sparse
300,45000,50,0,0.7,1.299483060836792,density
300,5400,99,0,0.7,0.3200826644897461,sparseextra
50,825,97,4,0.7,0.015666484832763672,sparseextra
100,100,99,3,0.7,0.020098447799682617,sparse
100,1600,99,3,0.7,0.02508997917175293,sparseextra
300,9000,95,0,0.7,0.7507715225219727,sparseextra
200,3400,99,3,0.7,0.1150655746459961,sparseextra
1000,30000,97,2,0.7,10.722609996795654,sparse
50,25,99,4,0.7,0.0068247318267822266,sparse
50,25,99,0,0.7,0.005053997039794922,sparse
1000,30000,97,0,0.7,10.459566354751587,sparse
100,5000,50,2,0.7,0.06231069564819336,density
200,3400,99,0,0.7,0.10066866874694824,sparseextra
1000,50000,95,3,0.7,21.10749650001526,sparse
1000,45000,97,0,0.7,11.129834413528442,sparseextra
300,5400,99,4,0.7,0.3075385093688965,sparseextra
500,12500,95,0,0.7,1.7626605033874512,sparse
100,1600,99,0,0.7,0.025499820709228516,sparseextra
100,2500,75,2,0.7,0.04392886161804199,density
100,500,95,4,0.7,0.035364627838134766,sparse
500,12500,95,2,0.7,1.807546854019165,sparse
200,4200,97,2,0.7,0.163818359375,sparseextra
300,45000,50,2,0.7,1.3156108856201172,density
200,1200,97,2,0.7,0.09037637710571289,sparse
50,825,97,0,0.7,0.012396097183227539,sparseextra
200,4200,97,0,0.7,0.18051958084106445,sparseextra
100,300,97,1,0.7,0.014736413955688477,sparse
1000,65000,95,1,0.7,21.371339797973633,sparseextra
1000,10000,99,1,0.7,5.471203327178955,sparse
500,10000,99,2,0.7,1.2109224796295166,sparseextra
100,2500,75,0,0.7,0.043950796127319336,density
300,7200,97,2,0.7,0.5361754894256592,sparseextra
300,22500,75,3,0.7,1.2995796203613281,density
500,7500,97,4,0.7,1.5655202865600586,sparse
200,5000,95,1,0.7,0.20731830596923828,sparseextra
1000,30000,97,1,0.7,10.437310695648193,sparse
50,875,95,2,0.7,0.016556978225708008,sparseextra
1000,25000,99,4,0.7,6.57810115814209,sparseextra
50,775,99,2,0.7,0.014487266540527344,sparseextra
100,2500,75,3,0.7,0.04334521293640137,density
100,100,99,0,0.7,0.019783735275268555,sparse
500,2500,99,4,0.7,0.6123197078704834,sparse
200,2000,95,0,0.7,0.13186097145080566,sparse
300,9000,95,3,0.7,0.7257440090179443,sparseextra
50,125,95,4,0.7,0.009520769119262695,sparse
50,775,99,0,0.7,0.007792472839355469,sparseextra
300,7200,97,0,0.7,0.5408976078033447,sparseextra
200,1200,97,1,0.7,0.08766937255859375,sparse
100,2500,75,1,0.7,0.04329562187194824,density
500,2500,99,1,0.7,0.6078944206237793,sparse
300,900,99,3,0.7,0.13061761856079102,sparse
100,2000,95,0,0.7,0.06758403778076172,sparseextra
200,3400,99,2,0.7,0.11232256889343262,sparseextra
50,75,97,0,0.7,0.004721879959106445,sparse
500,10000,99,0,0.7,1.244171380996704,sparseextra
50,75,97,2,0.7,0.006757020950317383,sparse
300,5400,99,1,0.7,0.29928159713745117,sparseextra
500,2500,99,2,0.7,0.6390767097473145,sparse
300,4500,95,4,0.7,0.44834089279174805,sparse
300,7200,97,4,0.7,0.5233228206634521,sparseextra
500,7500,97,2,0.7,1.59926176071167,sparse
1000,65000,95,3,0.7,21.368966102600098,sparseextra
100,2000,95,2,0.7,0.03997230529785156,sparseextra
200,4200,97,1,0.7,0.1551063060760498,sparseextra
50,875,95,1,0.7,0.009180307388305664,sparseextra
200,4200,97,4,0.7,0.17474865913391113,sparseextra
200,5000,95,4,0.7,0.20862245559692383,sparseextra
100,5000,50,1,0.7,0.06193995475769043,density
50,875,95,4,0.7,0.00885009765625,sparseextra
50,125,95,1,0.7,0.005158901214599609,sparse
300,22500,75,4,0.7,1.2828526496887207,density
1000,25000,99,0,0.7,6.542821645736694,sparseextra
200,400,99,1,0.7,0.06649255752563477,sparse
200,400,99,0,0.7,0.04524946212768555,sparse
50,775,99,4,0.7,0.007880926132202148,sparseextra
500,15000,97,2,0.7,2.1011030673980713,sparseextra
100,100,99,4,0.7,0.010295629501342773,sparse
100,2000,95,4,0.7,0.03683948516845703,sparseextra
500,20000,95,0,0.7,1.9733483791351318,sparseextra
300,900,99,0,0.7,0.1331346035003662,sparse
500,20000,95,1,0.7,1.957618236541748,sparseextra
1000,25000,99,2,0.7,6.413964509963989,sparseextra
50,25,99,2,0.7,0.004345893859863281,sparse
300,22500,75,1,0.7,1.282740592956543,density
200,2000,95,3,0.7,0.1333470344543457,sparse
200,3400,99,1,0.7,0.10040736198425293,sparseextra
100,1600,99,4,0.7,0.025437355041503906,sparseextra
500,10000,99,4,0.7,1.1613290309906006,sparseextra
1000,45000,97,1,0.7,11.300387144088745,sparseextra
50,25,99,3,0.7,0.004673957824707031,sparse
200,2000,95,2,0.7,0.12999534606933594,sparse
50,775,99,1,0.7,0.00782632827758789,sparseextra
100,1600,99,1,0.7,0.02615189552307129,sparseextra
1000,10000,99,0,0.7,5.323962926864624,sparse
300,4500,95,1,0.7,0.47125816345214844,sparse
100,300,97,0,0.7,0.022958040237426758,sparse
300,900,99,4,0.7,0.13492488861083984,sparse
500,12500,95,1,0.7,1.7877695560455322,sparse
100,1800,97,3,0.7,0.034510135650634766,sparseextra
300,2700,97,2,0.7,0.32529115676879883,sparse
1000,30000,97,4,0.7,10.448851585388184,sparse
300,45000,50,1,0.7,1.275036096572876,density
100,300,97,4,0.7,0.014904975891113281,sparse
100,500,95,2,0.7,0.019827604293823242,sparse
500,12500,95,4,0.7,1.7598176002502441,sparse
300,45000,50,4,0.7,1.2884862422943115,density
100,500,95,3,0.7,0.028160810470581055,sparse
300,2700,97,1,0.7,0.30798840522766113,sparse
1000,50000,95,2,0.7,21.427351713180542,sparse
1000,45000,97,3,0.7,11.182547092437744,sparseextra
200,3400,99,4,0.7,0.11537432670593262,sparseextra
500,7500,97,0,0.7,1.5963990688323975,sparse
1000,65000,95,2,0.7,21.347286701202393,sparseextra
300,9000,95,4,0.7,0.7050819396972656,sparseextra
200,1200,97,4,0.7,0.10295629501342773,sparse
300,7200,97,3,0.7,0.5385086536407471,sparseextra
300,4500,95,2,0.7,0.4530186653137207,sparse
300,45000,50,3,0.7,1.2908034324645996,density
500,15000,97,3,0.7,2.2257440090179443,sparseextra
100,5000,50,0,0.7,0.060660600662231445,density
50,775,99,3,0.7,0.007615566253662109,sparseextra
1000,50000,95,4,0.7,21.140124559402466,sparse
100,500,95,0,0.7,0.028816938400268555,sparse
100,2000,95,3,0.7,0.06171107292175293,sparseextra
100,1800,97,1,0.7,0.03761625289916992,sparseextra
200,1200,97,0,0.7,0.0877065658569336,sparse
1000,30000,97,3,0.7,10.579025745391846,sparse
300,9000,95,1,0.7,0.7164430618286133,sparseextra
500,2500,99,0,0.7,0.638787031173706,sparse
1000,45000,97,4,0.9,11.696869611740112,sparseextra
100,1600,99,2,0.9,0.03671741485595703,sparseextra
200,2000,95,1,0.9,0.14615702629089355,sparse
50,875,95,0,0.9,0.013577699661254883,sparseextra
1000,10000,99,3,0.9,7.216398239135742,sparse
200,5000,95,3,0.9,0.2268509864807129,sparseextra
1000,50000,95,0,0.9,21.10449242591858,sparse
50,125,95,2,0.9,0.005103349685668945,sparse
50,875,95,3,0.9,0.008806705474853516,sparseextra
200,5000,95,2,0.9,0.22705793380737305,sparseextra
300,4500,95,3,0.9,0.5220532417297363,sparse
300,22500,75,0,0.9,1.3199305534362793,density
50,825,97,3,0.9,0.008378744125366211,sparseextra
300,7200,97,1,0.9,0.5748291015625,sparseextra
1000,10000,99,4,0.9,7.1274871826171875,sparse
100,100,99,2,0.9,0.010510683059692383,sparse
300,22500,75,2,0.9,1.3231711387634277,density
300,5400,99,3,0.9,0.3277018070220947,sparseextra
300,2700,97,3,0.9,0.375307559967041,sparse
300,5400,99,2,0.9,0.33149003982543945,sparseextra
50,125,95,0,0.9,0.008753538131713867,sparse
200,5000,95,0,0.9,0.2252941131591797,sparseextra
50,25,99,1,0.9,0.004675149917602539,sparse
100,2000,95,1,0.9,0.04060864448547363,sparseextra
100,5000,50,3,0.9,0.06228160858154297,density
500,15000,97,1,0.9,2.7807321548461914,sparseextra
50,825,97,2,0.9,0.008208274841308594,sparseextra
500,15000,97,4,0.9,2.8699891567230225,sparseextra
500,20000,95,3,0.9,2.900852680206299,sparseextra
200,1200,97,3,0.9,0.11756634712219238,sparse
100,5000,50,4,0.9,0.060797691345214844,density
200,400,99,3,0.9,0.053266048431396484,sparse
200,2000,95,4,0.9,0.14560556411743164,sparse
300,4500,95,0,0.9,0.5220954418182373,sparse
1000,25000,99,3,0.9,10.151580810546875,sparseextra
100,1800,97,4,0.9,0.034375667572021484,sparseextra
500,20000,95,2,0.9,2.9785897731781006,sparseextra
500,15000,97,0,0.9,2.7158255577087402,sparseextra
200,400,99,4,0.9,0.04355669021606445,sparse
300,2700,97,4,0.9,0.3589904308319092,sparse
500,2500,99,3,0.9,0.7688779830932617,sparse
1000,50000,95,1,0.9,21.365275382995605,sparse
300,900,99,1,0.9,0.1505107879638672,sparse
50,75,97,1,0.9,0.004496574401855469,sparse
1000,25000,99,1,0.9,9.632086277008057,sparseextra
50,125,95,3,0.9,0.009406566619873047,sparse
50,75,97,4,0.9,0.0046765804290771484,sparse
1000,45000,97,2,0.9,11.677130699157715,sparseextra
50,75,97,3,0.9,0.00470280647277832,sparse
500,20000,95,4,0.9,2.9809019565582275,sparseextra
500,7500,97,3,0.9,1.9692649841308594,sparse
100,500,95,1,0.9,0.020918846130371094,sparse
100,1800,97,0,0.9,0.034600257873535156,sparseextra
300,2700,97,0,0.9,0.38369274139404297,sparse
100,100,99,1,0.9,0.012470006942749023,sparse
500,10000,99,3,0.9,1.4077870845794678,sparseextra
500,10000,99,1,0.9,1.5117366313934326,sparseextra
100,2500,75,4,0.9,0.06269121170043945,density
1000,65000,95,0,0.9,21.08543848991394,sparseextra
300,900,99,2,0.9,0.14496135711669922,sparse
100,300,97,3,0.9,0.02669978141784668,sparse
50,825,97,1,0.9,0.008557558059692383,sparseextra
100,1800,97,2,0.9,0.04202103614807129,sparseextra
200,400,99,2,0.9,0.05366349220275879,sparse
1000,65000,95,4,0.9,21.391512870788574,sparseextra
200,4200,97,3,0.9,0.19999980926513672,sparseextra
500,7500,97,1,0.9,2.0111587047576904,sparse
300,9000,95,2,0.9,0.719038724899292,sparseextra
500,12500,95,3,0.9,2.156493663787842,sparse
1000,10000,99,2,0.9,7.333785057067871,sparse
100,300,97,2,0.9,0.02477860450744629,sparse
300,45000,50,0,0.9,1.3428456783294678,density
300,5400,99,0,0.9,0.34514427185058594,sparseextra
50,825,97,4,0.9,0.00902104377746582,sparseextra
100,100,99,3,0.9,0.0107421875,sparse
100,1600,99,3,0.9,0.025758028030395508,sparseextra
300,9000,95,0,0.9,0.7663519382476807,sparseextra
200,3400,99,3,0.9,0.1129903793334961,sparseextra
1000,30000,97,2,0.9,10.942376852035522,sparse
50,25,99,4,0.9,0.004323005676269531,sparse
50,25,99,0,0.9,0.0049402713775634766,sparse
1000,30000,97,0,0.9,10.913497924804688,sparse
100,5000,50,2,0.9,0.08319616317749023,density
200,3400,99,0,0.9,0.11340451240539551,sparseextra
1000,50000,95,3,0.9,21.109159231185913,sparse
1000,45000,97,0,0.9,11.593515157699585,sparseextra
300,5400,99,4,0.9,0.34230709075927734,sparseextra
500,12500,95,0,0.9,2.120332956314087,sparse
100,1600,99,0,0.9,0.025584697723388672,sparseextra
100,2500,75,2,0.9,0.046820878982543945,density
100,500,95,4,0.9,0.03056168556213379,sparse
500,12500,95,2,0.9,2.202662706375122,sparse
200,4200,97,2,0.9,0.176804780960083,sparseextra
300,45000,50,2,0.9,1.3123962879180908,density
200,1200,97,2,0.9,0.09978461265563965,sparse
50,825,97,0,0.9,0.008367776870727539,sparseextra
200,4200,97,0,0.9,0.19830799102783203,sparseextra
100,300,97,1,0.9,0.015350341796875,sparse
1000,65000,95,1,0.9,21.666409969329834,sparseextra
1000,10000,99,1,0.9,7.039366006851196,sparse
500,10000,99,2,0.9,1.4730768203735352,sparseextra
100,2500,75,0,0.9,0.04667019844055176,density
300,7200,97,2,0.9,0.5778961181640625,sparseextra
300,22500,75,3,0.9,1.317101001739502,density
500,7500,97,4,0.9,1.993560552597046,sparse
200,5000,95,1,0.9,0.22369122505187988,sparseextra
1000,30000,97,1,0.9,11.042385339736938,sparse
50,875,95,2,0.9,0.009187459945678711,sparseextra
1000,25000,99,4,0.9,10.128728866577148,sparseextra
50,775,99,2,0.9,0.014451265335083008,sparseextra
100,2500,75,3,0.9,0.04523587226867676,density
100,100,99,0,0.9,0.011098623275756836,sparse
500,2500,99,4,0.9,0.7587170600891113,sparse
200,2000,95,0,0.9,0.14605045318603516,sparse
300,9000,95,3,0.9,0.7564272880554199,sparseextra
50,125,95,4,0.9,0.00881814956665039,sparse
50,775,99,0,0.9,0.0074651241302490234,sparseextra
300,7200,97,0,0.9,0.5934181213378906,sparseextra
200,1200,97,1,0.9,0.09566569328308105,sparse
100,2500,75,1,0.9,0.04498410224914551,density
500,2500,99,1,0.9,0.751110315322876,sparse
300,900,99,3,0.9,0.1482982635498047,sparse
100,2000,95,0,0.9,0.04102301597595215,sparseextra
200,3400,99,2,0.9,0.1365208625793457,sparseextra
50,75,97,0,0.9,0.008356332778930664,sparse
500,10000,99,0,0.9,1.4977850914001465,sparseextra
50,75,97,2,0.9,0.00830078125,sparse
300,5400,99,1,0.9,0.33269619941711426,sparseextra
500,2500,99,2,0.9,0.7891740798950195,sparse
300,4500,95,4,0.9,0.5095572471618652,sparse
300,7200,97,4,0.9,0.5771715641021729,sparseextra
500,7500,97,2,0.9,1.9181079864501953,sparse
1000,65000,95,3,0.9,21.274616241455078,sparseextra
100,2000,95,2,0.9,0.04619097709655762,sparseextra
200,4200,97,1,0.9,0.1985609531402588,sparseextra
50,875,95,1,0.9,0.013448476791381836,sparseextra
200,4200,97,4,0.9,0.1913924217224121,sparseextra
200,5000,95,4,0.9,0.21702313423156738,sparseextra
100,5000,50,1,0.9,0.06532955169677734,density
50,875,95,4,0.9,0.008994817733764648,sparseextra
50,125,95,1,0.9,0.004883289337158203,sparse
300,22500,75,4,0.9,1.3026254177093506,density
1000,25000,99,0,0.9,9.711659669876099,sparseextra
200,400,99,1,0.9,0.054622650146484375,sparse
200,400,99,0,0.9,0.04470181465148926,sparse
50,775,99,4,0.9,0.014811038970947266,sparseextra
500,15000,97,2,0.9,2.7223548889160156,sparseextra
100,100,99,4,0.9,0.010586261749267578,sparse
100,2000,95,4,0.9,0.03821229934692383,sparseextra
500,20000,95,0,0.9,2.9038479328155518,sparseextra
300,900,99,0,0.9,0.1694202423095703,sparse
500,20000,95,1,0.9,2.964921474456787,sparseextra
1000,25000,99,2,0.9,9.75446343421936,sparseextra
50,25,99,2,0.9,0.0046002864837646484,sparse
300,22500,75,1,0.9,1.312647819519043,density
200,2000,95,3,0.9,0.14655733108520508,sparse
200,3400,99,1,0.9,0.1055455207824707,sparseextra
100,1600,99,4,0.9,0.026137351989746094,sparseextra
500,10000,99,4,0.9,1.3736867904663086,sparseextra
1000,45000,97,1,0.9,11.637004852294922,sparseextra
50,25,99,3,0.9,0.006636619567871094,sparse
200,2000,95,2,0.9,0.1428990364074707,sparse
50,775,99,1,0.9,0.007817268371582031,sparseextra
100,1600,99,1,0.9,0.02652454376220703,sparseextra
1000,10000,99,0,0.9,7.068939447402954,sparse
300,4500,95,1,0.9,0.5345726013183594,sparse
100,300,97,0,0.9,0.024507999420166016,sparse
300,900,99,4,0.9,0.14961576461791992,sparse
500,12500,95,1,0.9,2.1874494552612305,sparse
100,1800,97,3,0.9,0.035628318786621094,sparseextra
300,2700,97,2,0.9,0.3677840232849121,sparse
1000,30000,97,4,0.9,10.875912427902222,sparse
300,45000,50,1,0.9,1.3244400024414062,density
100,300,97,4,0.9,0.02960348129272461,sparse
100,500,95,2,0.9,0.04358077049255371,sparse
500,12500,95,4,0.9,2.223196506500244,sparse
300,45000,50,4,0.9,1.3254270553588867,density
100,500,95,3,0.9,0.02093791961669922,sparse
300,2700,97,1,0.9,0.3758585453033447,sparse
1000,50000,95,2,0.9,21.299760580062866,sparse
1000,45000,97,3,0.9,11.563475370407104,sparseextra
200,3400,99,4,0.9,0.1251368522644043,sparseextra
500,7500,97,0,0.9,2.0114099979400635,sparse
1000,65000,95,2,0.9,21.472728729248047,sparseextra
300,9000,95,4,0.9,0.7558374404907227,sparseextra
200,1200,97,4,0.9,0.1267080307006836,sparse
300,7200,97,3,0.9,0.5920693874359131,sparseextra
300,4500,95,2,0.9,0.5096478462219238,sparse
300,45000,50,3,0.9,1.3051846027374268,density
500,15000,97,3,0.9,2.9011459350585938,sparseextra
100,5000,50,0,0.9,0.060416221618652344,density
50,775,99,3,0.9,0.015508174896240234,sparseextra
1000,50000,95,4,0.9,21.284400463104248,sparse
100,500,95,0,0.9,0.02159857749938965,sparse
100,2000,95,3,0.9,0.03902626037597656,sparseextra
100,1800,97,1,0.9,0.03914833068847656,sparseextra
200,1200,97,0,0.9,0.09653162956237793,sparse
1000,30000,97,3,0.9,11.054308891296387,sparse
300,9000,95,1,0.9,0.7724075317382812,sparseextra
500,2500,99,0,0.9,0.8012218475341797,sparse
